index,disease_name,description,Possible Steps,image_url
0,Apple: vảy,"Apple Scab là căn bệnh phổ biến nhất của cây táo và cua ở Minnesota.
Vụ vảy được gây ra bởi một loại nấm lây nhiễm cả lá và trái cây.
Trái cây vảy thường không phù hợp để ăn.
Lá bị nhiễm bệnh có các đốm xanh ô liu đến nâu.
Lá có nhiều đốm lá chuyển sang màu vàng và rụng sớm.
Mất lá làm suy yếu cây khi nó xảy ra nhiều năm liên tiếp.
Trồng các giống kháng bệnh là cách tốt nhất để quản lý vảy.","Chọn các giống kháng khi có thể.
Cào dưới cây và phá hủy lá bị nhiễm bệnh để giảm số lượng bào tử nấm có sẵn để bắt đầu chu kỳ bệnh trở lại vào mùa xuân tới.
Nước vào buổi tối hoặc sáng sớm (tránh tưới trên cao) để cho lá thời gian để khô trước khi có thể xảy ra nhiễm trùng.
Trải một lớp phân ủ 3 đến 6 inch dưới cây, giữ nó ra khỏi thân cây, để che phủ đất và ngăn chặn sự phân tán của các bào tử nấm.
Để kiểm soát tốt nhất, phun xà phòng đồng lỏng sớm, hai tuần trước khi các triệu chứng thường xuất hiện. Ngoài ra, bắt đầu các ứng dụng khi bệnh xuất hiện lần đầu tiên và lặp lại trong khoảng thời gian 7 đến 10 ngày cho đến khi nở hoa.",https://extension.umn.edu/sites/extension.umn.edu/files/apple-scab-1.jpg
1,Apple: Rot đen,"Các triệu chứng lá lần đầu tiên xảy ra vào đầu mùa xuân khi lá đang mở ra.
Chúng xuất hiện dưới dạng các đốm nhỏ, tím trên bề mặt trên của lá phóng to thành các tổn thương tròn 1/8 đến 1/4 inch (3-6 mm) đường kính.
Biên độ của các tổn thương vẫn còn màu tím, trong khi trung tâm chuyển sang màu nâu. Trong một vài tuần, sự mở rộng thứ cấp của các đốm lá này xảy ra.
Lá bị nhiễm bệnh nặng trở thành clo và rụng lá xảy ra.
Khi khu vực bị mục nát mở rộng, một loạt các dải đồng tâm có dạng chiều rộng đồng đều xen kẽ màu từ đen sang nâu. Thịt của khu vực thối rữa vẫn vững chắc và da. Pycnidia đen thường được nhìn thấy trên bề mặt của trái cây bị nhiễm bệnh.","Hủy bỏ các canker bằng cách cắt tỉa ít nhất 15 inch dưới đầu và đốt hoặc chôn chúng. Ngoài ra, hãy chăm sóc phòng ngừa với các cắt tỉa mùa mới và đốt cháy chúng, bạn tốt hơn nên cắt tỉa trong mùa không hoạt động. Điều này sẽ giảm thiểu tỷ lệ cược lửa sẽ lây nhiễm vào cây của bạn và tạo ra mô chết có thể dễ dàng bị nhiễm Botryosphaeria. Bạn cũng nên đề phòng nếu vỏ cây bị hư hại do mưa đá, hoặc cành bị vỡ trong cơn bão gió. Sử dụng thuốc diệt nấm dựa trên đồng sẽ bảo vệ chống lại cả thối đen và cháy lửa.",http://www.omafra.gov.on.ca/english/crops/facts/blackrotf1.jpg
2,Apple: Cedar rỉ sét,"Cedar Apple Rust (Gymnosporangium Juniperi-Virginianae) là một bệnh nấm đòi hỏi phải có cây bách xù phải hoàn thành vòng đời hai năm phức tạp của nó. Các bào tử đan xen như một túi mật màu nâu đỏ trên các cành cây trẻ của nhiều loài Juniper khác nhau. Vào đầu mùa xuân, trong thời tiết ẩm ướt, những cái túi này sưng lên và khối bào tử màu cam sáng bị thổi bởi gió nơi chúng lây nhiễm những cây táo và quả táo mẫn cảm. Các bào tử phát triển trên những cây này sẽ chỉ lây nhiễm Junipers vào năm sau. Từ năm này sang năm khác, căn bệnh này phải chuyển từ cây bách xù sang táo cho những người đi rừng một lần nữa; Nó không thể lan rộng giữa những cây táo.","Chọn các giống cây chống lại khi có sẵn.
Cào lên và vứt bỏ lá rụng và các mảnh vụn khác từ dưới cây.
Hủy bỏ galls khỏi cây bách xù bị nhiễm bệnh. Trong một số trường hợp, cây Juniper nên được loại bỏ hoàn toàn.
Áp dụng thuốc diệt nấm phòng ngừa, chống lại bệnh tật được dán nhãn để sử dụng cho Táo hàng tuần, bắt đầu bằng việc phá vỡ chồi, để bảo vệ cây khỏi các bào tử được phát hành bởi vật chủ Juniper. Điều này chỉ xảy ra một lần mỗi năm, vì vậy các ứng dụng bổ sung sau mùa xuân này không cần thiết.
Trên Juniper, rỉ sét có thể được kiểm soát bằng cách phun cây bằng dung dịch đồng (0,5 đến 2,0 oz/ gallon nước) ít nhất bốn lần từ cuối tháng 8 đến cuối tháng 10.
Điều trị an toàn hầu hết các bệnh nấm và vi khuẩn với serenade Garden. Thuốc sát sinh học phổ rộng này sử dụng một chủng Bacillus subtilis được cấp bằng sáng chế được đăng ký sử dụng hữu cơ. Trên hết, Serenade hoàn toàn không độc hại đối với ong mật và côn trùng có lợi.",https://www.planetnatural.com/wp-content/uploads/2012/12/apple-rust.jpg
3,Apple: khỏe mạnh,"Như với hầu hết các loại trái cây, táo tạo ra tốt nhất khi được trồng dưới ánh nắng mặt trời đầy đủ, có nghĩa là sáu giờ trở lên của mặt trời mùa hè trực tiếp hàng ngày. Phơi sáng tốt nhất cho táo là phía bắc của một ngôi nhà, đường cây hoặc mọc lên thay vì phía nam.","Táo là bổ dưỡng. 
Táo có thể tốt cho việc giảm cân.
Táo có thể tốt cho trái tim của bạn. 
Chúng liên quan đến nguy cơ mắc bệnh tiểu đường thấp hơn. 
Chúng có thể có tác dụng prebiotic và thúc đẩy vi khuẩn đường ruột tốt.
Các chất trong táo có thể giúp ngăn ngừa ung thư.",https://previews.123rf.com/images/msnobody/msnobody1508/msnobody150800002/43698436-red-apple-on-a-branch-of-an-apple-tree-on-a-sunny-day-organic-farmingagriculture-fresh-healthy-natur.jpg
4,Nền không có lá,Không có lá trong hình ảnh đã cho,Vui lòng tải lại hình ảnh với lá,https://cdn.onlinewebfonts.com/svg/img_332817.png
5,Quả việt quất: khỏe mạnh,"Quả việt quất có lượng calo thấp nhưng nhiều chất dinh dưỡng. ...
Quả việt quất là vua của thực phẩm chống oxy hóa. ...
Quả việt quất làm giảm tổn thương DNA, có thể giúp bảo vệ chống lão hóa và ung thư. ...
Quả việt quất bảo vệ cholesterol trong máu của bạn khỏi bị tổn thương. ...
Quả việt quất có thể giảm huyết áp.","Bệnh mulch pH sâu, thấp như rêu than bùn, kim thông hoặc mùn cưa già bảo tồn nước và giảm thiểu biến động nước trong đất. Cây việt quất trong ngày. Giữ cho đất ẩm nhưng không sũng nước. Cung cấp cho họ ít nhất 1 ""mỗi tuần trong mùa sinh trưởng và tối đa 4"" mỗi tuần trong quá trình chín trái cây. Quả việt quất là một loại cây có nguồn gốc nông. Do đó, nó đòi hỏi một loại đất giữ độ ẩm, nhưng cũng thoát ra tốt và không bị ướt. Đừng thực vật quả việt quất trong các địa điểm có đất sét nặng, bị ướt.",https://image.shutterstock.com/image-photo/blueberry-leaf-collection-isolated-on-260nw-308491814.jpg
6,Cherry: Bệnh phấn trắng,"Các triệu chứng ban đầu, thường xảy ra từ 7 đến 10 ngày sau khi bắt đầu tưới đầu tiên, là các mảng trông có hình tròn, có hình dạng phấn trên lá non, dễ bị ảnh hưởng (mới được mở ra và lá mở rộng màu xanh lá cây sáng). Lá cũ phát triển khả năng kháng thuốc liên quan đến tuổi (ontogen) đối với bệnh nấm mốc và tự nhiên kháng nhiễm trùng hơn lá non. Tìm kiếm các bệnh nhiễm trùng lá sớm trên mút gốc, bên trong tán hoặc háng cây nơi độ ẩm cao. Trái ngược với các loại nấm khác, nấm mốc không cần nước miễn phí để nảy mầm nhưng sự nảy mầm và sự phát triển của nấm được ưa chuộng bởi độ ẩm cao. Bệnh có nhiều khả năng bắt đầu ở mặt dưới (abical) của lá nhưng sẽ xảy ra ở cả hai bên ở giai đoạn sau. Khi mùa phát triển và nhiễm trùng được lan truyền bởi gió, lá có thể trở nên méo mó, cuộn tròn lên trên. Nhiễm trùng nặng có thể gây ra lá pucker và xoắn. Lá mới được phát triển trên các chồi mới trở nên nhỏ hơn dần dần, thường nhạt và có thể bị biến dạng.","Khử trùng các cạnh cắt, sau đó cắt tỉa và loại bỏ các phần bệnh của cây ngay lập tức. Đồng thời, áp dụng thuốc diệt nấm để bảo vệ các lá còn lại trên cây ăn quả. Bạn sẽ cần lặp lại các ứng dụng thuốc diệt nấm theo hướng dẫn nhãn để bảo vệ cây trong cả mùa.",http://treefruit.wsu.edu/wp-content/uploads/2017/05/Fig1.png
7,Cherry: khỏe mạnh,"Không có sự khác biệt trong sự chăm sóc giữa anh đào chua và ngọt.
Áp dụng mùn để giữ độ ẩm.
Ném lưới trên cây để bảo vệ trái cây khỏi chim.
Nước thường xuyên ở những khu vực khô.
Làm mỏng trái cây là không cần thiết cho cây anh đào, vì chúng thường mỏng tự nhiên vào đầu mùa hè.","Đóng gói với chất dinh dưỡng.
Giàu trong chất chống oxy hóa và các hợp chất chống viêm.
Có thể tăng cường phục hồi tập thể dục.
Có thể có lợi cho sức khỏe tim mạch.
Có thể cải thiện các triệu chứng của viêm khớp và bệnh gút.
Có thể cải thiện chất lượng giấc ngủ.
Dễ dàng thêm vào chế độ ăn kiêng của bạn.",https://previews.123rf.com/images/annafrby/annafrby1907/annafrby190700078/127086189-cherry-on-branch-with-green-leaf-healthy-food-fresh-fruit-two-ripe-berries-of-a-cherry-on-a-branch-l.jpg
8,Corn: Cercospora Leaf Spot | Đốm lá xám,"Điểm lá màu xám trên ngô, do nấm cercospora zeae-Maydis gây ra, là một bệnh gây tổn hại về kinh tế và kinh tế ở Hoa Kỳ. Từ giữa những năm 1990, căn bệnh này đã tăng tầm quan trọng ở Indiana, và bây giờ là một trong những bệnh ngô quan trọng nhất của ngô ở bang. Thời kỳ mưa ấm áp thường gặp ở Florida tạo ra các điều kiện thuận lợi cho bệnh nấm này. Loại nấm này chậm phát triển, các thiết lập đã thành lập và có thể giết chết các khu vực rộng lớn của St.","Tưới sâu, nhưng không thường xuyên.
Tránh sử dụng những kẻ giết người sau khi xuất hiện trên bãi cỏ trong khi bệnh đang hoạt động.
Tránh mức phân bón nitơ trung bình đến cao.
Cải thiện lưu thông không khí và mức độ ánh sáng trên bãi cỏ.
Cắt ở độ cao thích hợp và chỉ cắt cỏ khi cỏ khô.",https://upload.wikimedia.org/wikipedia/commons/thumb/1/12/Gray_leaf_spot_Cercospora_zeae-maydis_5465607.png/330px-Gray_leaf_spot_Cercospora_zeae-maydis_5465607.png
9,Ngô: rỉ sét thông thường,"Mặc dù một vài mụn mủ rỉ sét luôn có thể được tìm thấy trong các cánh đồng ngô trong suốt mùa sinh trưởng, các triệu chứng thường không xuất hiện cho đến khi tua. Chúng có thể dễ dàng nhận ra và phân biệt với các bệnh khác bằng cách phát triển các mụn mủ màu nâu sẫm (Uredinia) nằm rải rác trên cả bề mặt trên và dưới của lá ngô. Những mụn mủ này có thể xuất hiện trên bất kỳ phần nào trên mặt đất của cây, nhưng có nhiều nhất trên lá. Các mụn mủ xuất hiện hình bầu dục để kéo dài hình dạng, thường nhỏ, dài dưới 1/4 inch và được bao quanh bởi lớp biểu bì lá, nơi nó đã bị phá vỡ.","Để giảm tỷ lệ gỉ ngô, chỉ cây trồng có khả năng chống nấm. Kháng hoặc ở dạng kháng thuốc cụ thể hoặc kháng gỉ một phần. Trong cả hai trường hợp, không có ngô ngọt hoàn toàn kháng. Nếu ngô bắt đầu cho thấy các triệu chứng nhiễm trùng, ngay lập tức phun thuốc diệt nấm.",https://ohioline.osu.edu/sites/ohioline/files/imce/Plant_Pathology/PLNTPTH-CER-02_Figure_1.png
10,Corn: Blight lá phía bắc,"Blight lá ngô phía bắc (NCLB) là do nấm setosphaeria turcica gây ra. Các triệu chứng thường xuất hiện đầu tiên trên lá dưới. Các tổn thương lá dài (1 đến 6 inch) và hình elip, màu xanh xám lúc đầu nhưng sau đó chuyển sang màu xám nhạt hoặc màu nâu. Trong điều kiện ẩm ướt, các bào tử màu xám đậm được tạo ra, thường là trên bề mặt lá dưới, tạo ra các tổn thương một hình dạng màu xám ""bẩn"". Toàn bộ lá trên thực vật bị tàn phá nghiêm trọng có thể chết, vì vậy các tổn thương riêng lẻ không thể nhìn thấy. Tổn thương có thể xảy ra trên vỏ trấu bên ngoài của tai, nhưng hạt nhân không bị nhiễm bệnh. Trên các giống lai có chứa gen HT để kháng nấm, các tổn thương nhỏ hơn, clo và có thể phát triển thành các vệt tuyến tính. Những tổn thương này hiếm khi tạo ra bào tử.","Ứng dụng diệt nấm làm giảm thiệt hại và năng suất của lá ngô phía bắc và năng suất được bảo vệ. Giá trị thuốc diệt nấm cao hơn trong việc giảm năng suất trong các giống ngô nhạy cảm. Thuốc diệt nấm có hiệu quả nhất nếu chúng được áp dụng khi khởi phát bệnh. Khởi phát bệnh khác nhau trong các giai đoạn tăng trưởng, và vì vậy giai đoạn tốt nhất để áp dụng thuốc diệt nấm.",https://crop-protection-network.s3.amazonaws.com/articles/NLB-Daren-Mueller-02.jpg
11,Ngô: khỏe mạnh,"Cây ngô thích nhiệt độ ban ngày từ 75 đến 80 độ F và 65 đến 70 độ F trong đêm. Đất nên được giữ ẩm liên tục, nhưng không sũng nước và chúng chỉ cần phân bón cứ sau 6 tháng. Mặc dù Dracaena có thể có điều kiện ánh sáng yếu, nhưng chúng làm tốt nhất khi được đặt trong ánh sáng sáng nhưng gián tiếp. Đó chỉ là tự nhiên để một cây tạo ra một vài lá vàng, không có gì để báo động về. Tuy nhiên, nếu nó tạo ra nhiều lá vàng cùng một lúc, nói năm hoặc sáu, bạn có thể tưới nước quá mức hoặc cây có thể bị thiếu ánh sáng.","Ngô có một số lợi ích sức khỏe. Vì hàm lượng sợi cao, nó có thể hỗ trợ tiêu hóa. Nó cũng chứa vitamin B có giá trị, rất quan trọng đối với sức khỏe tổng thể của bạn. Ngô cũng cung cấp cho cơ thể chúng ta các khoáng chất thiết yếu như kẽm, magiê, đồng, sắt và mangan.",https://c8.alamy.com/comp/A85TR2/young-healthy-green-leaves-of-corn-maize-plant-in-pretty-unfolding-A85TR2.jpg
12,Nho: thối đen,"Nho đen thối là một bệnh nấm do một loại nấm ascomycetous, Guignardia bidwellii, tấn công dây leo nho trong thời tiết nóng và ẩm. �Grape Black Rot có nguồn gốc từ miền đông Bắc Mỹ, nhưng hiện đang xảy ra ở các phần của Châu Âu, Nam Mỹ và Châu Á. Nó có thể gây mất hoàn toàn mùa màng ở vùng khí hậu ấm áp, ẩm ướt, nhưng hầu như không được biết đến ở những vùng có mùa hè khô cằn. Bệnh cũng tấn công các bộ phận khác của cây, � Tất cả các phần màu xanh lá cây của cây nho: chồi, thân lá và trái cây, gân và trái cây. Hiệu ứng gây hại nhất là trái cây","Mancozeb có sẵn dưới dạng thuốc diệt nấm Bonide Mancozeb. Nó chứa 37% mancozeb và nên rất hiệu quả để kiểm soát thối đen. Nova (Myclobutanil) có sẵn trong thuốc diệt nấm miễn dịch. Đó là 1,55 % myclobutanil và sẽ có hiệu quả để kiểm soát thối đen.",https://upload.wikimedia.org/wikipedia/commons/thumb/c/cb/Guignardia_bidwellii_08.jpg/330px-Guignardia_bidwellii_08.jpg
13,Nho: Esca | Bệnh sởi đen,"Bệnh sởi Grapevine, còn được gọi là ESCA, sởi đen hoặc bệnh sởi Tây Ban Nha, đã có những người trồng nho từ lâu với biểu hiện mật mã của các triệu chứng và, trong một thời gian dài, thiếu một sinh vật nhân quả có thể nhận dạng. Cái tên �easles� đề cập đến các điểm hời hợt được tìm thấy trên trái cây (Hình 1). Trong mùa, các đốm có thể kết hợp trên bề mặt da, làm cho quả mọng màu đen xuất hiện. Phát hiện có thể phát triển bất cứ lúc nào giữa bộ trái cây và một vài ngày trước khi thu hoạch. Các loại quả bị ảnh hưởng tại bộ trái cây có xu hướng không trưởng thành và sẽ co lại và khô. Ngoài việc phát hiện, trái cây bị ảnh hưởng sau đó trong mùa cũng sẽ có một hương vị gay gắt. Các triệu chứng được đặc trưng bởi mô hình �tiger sọc � (Hình 2 lá đáy) khi nhiễm trùng nghiêm trọng từ năm này sang năm khác. Nhiễm trùng nhẹ có thể tạo ra các triệu chứng lá (Hình 2-Upper Leaf) có thể bị nhầm lẫn với các bệnh khác hoặc thiếu hụt dinh dưỡng. Các giống trắng sẽ hiển thị các khu vực clo, sau đó là hoại tử, trong khi các giống cây trồng đỏ được đặc trưng bởi các khu vực màu đỏ sau đó là hoại tử. Các triệu chứng đầu mùa xuân bao gồm dieback đầu chồi, sự đổi màu của lá và rụng lá hoàn toàn trong các trường hợp nghiêm trọng.","Cho đến ngày không có phương pháp hiệu quả để kiểm soát căn bệnh này. Loại bỏ các quả mọng bị nhiễm bệnh, lá và thân và phá hủy chúng. Bảo vệ các vết thương cắt tỉa để giảm thiểu nhiễm nấm bằng cách sử dụng chất bịt kín vết thương (axit boric 5% trong sơn acrylic) hoặc tinh dầu hoặc thuốc diệt nấm phù hợp.",https://www.researchgate.net/profile/Laura-Mugnai/publication/43161073/figure/fig1/AS:340404659605512@1458170203496/Symptoms-associated-with-esca-of-grapevine-chlorosis-and-necrosis-on-the-leaves-showing_Q320.jpg
14,Nho: BLIGHT Lá | Điểm lá Isariopsis,"Nấm là một mầm bệnh bắt buộc có thể tấn công tất cả các bộ phận màu xanh lá cây của cây nho.
Các triệu chứng của bệnh này thường bị nhầm lẫn với các bệnh phấn trắng. Lá bị nhiễm bệnh phát triển các tổn thương màu xanh lá cây màu vàng nhạt dần dần chuyển sang màu nâu. Lá bị nhiễm trùng nghiêm trọng thường giảm sớm. Các cuống lá bị nhiễm trùng, gân và chồi thường cuộn tròn, phát triển kẻ gian của người chăn cừu, và cuối cùng chuyển sang màu nâu và chết.
Các loại quả non rất dễ bị nhiễm trùng và thường được bao phủ bởi các cấu trúc quả trắng của nấm. Các loại quả cũ của các giống cây trồng trắng có thể chuyển sang màu xanh xám xỉn, trong khi những cây giống đen chuyển sang màu đỏ hồng.","Áp dụng thuốc xịt không hoạt động để giảm mức độ cấy.
Cắt nó ra. 
Mở tán đó.
Đừng làm bạn phòng thủ.
Hướng đạo sớm, Scout thường xuyên.
Sử dụng thuốc chống nấm bảo vệ và hệ thống.
Xem xét kháng thuốc.
Xem thời tiết.",https://www.goodfruit.com/wp-content/uploads/Black-rot-lesions-on-leaves-indicate-potential-for-fruit-infection-1-feat2.jpg
15,Nho: khỏe mạnh,Chỉ áp dụng nước vào vùng gốc. Tránh bị ướt tán lá vì điều này có thể khuyến khích nhiều bệnh nho. Giảm tưới dây leo non vào mùa thu để khuyến khích cây làm cứng cây gậy của mình để chuẩn bị cho mùa đông. Cây nho cũ hiếm khi cần bất kỳ tưới nước trừ khi trên cát hoặc đất cạn kiệt khác.,"Đóng gói với các chất dinh dưỡng, đặc biệt là vitamin C và K.
Hàm lượng chống oxy hóa cao có thể ngăn ngừa các bệnh mãn tính.
Các hợp chất thực vật có thể bảo vệ chống lại một số loại ung thư. 
Có lợi cho sức khỏe tim theo những cách ấn tượng khác nhau.
Có thể giảm lượng đường trong máu và bảo vệ chống lại bệnh tiểu đường.",https://images.indianexpress.com/2021/02/grapes-1200.jpg
16,Orange: Haunglongbing | Xanh cam quýt,"Bệnh xanh cam quýt là một bệnh của cam quýt gây ra bởi mầm bệnh truyền vector. HLB được phân biệt bởi các triệu chứng phổ biến của màu vàng của các tĩnh mạch và các mô lân cận; tiếp theo là đốm sáng của toàn bộ lá, rụng lá sớm, sự chết chóc của cành cây, phân rã gốc rễ và rễ bên, và suy giảm sức sống, cuối cùng là cái chết của toàn bộ cây. Những cây bị ảnh hưởng đã tăng trưởng, mang nhiều hoa ngoài mùa (hầu hết rơi ra) và tạo ra trái cây nhỏ, có hình dạng không đều với vỏ dày, nhạt, vẫn còn màu xanh lá cây ở phía dưới và có vị rất đắng. Các triệu chứng phổ biến thường có thể bị nhầm lẫn với sự thiếu hụt chất dinh dưỡng; Tuy nhiên, yếu tố phân biệt giữa thiếu hụt chất dinh dưỡng là mô hình đối xứng. Thiếu hụt chất dinh dưỡng có xu hướng đối xứng dọc theo rìa tĩnh mạch lá, trong khi HLB có màu vàng không đối xứng xung quanh tĩnh mạch. Triệu chứng đáng chú ý nhất của HLB là xanh và còi cọc của trái cây, đặc biệt là sau khi chín","Cách duy nhất để ngăn ngừa sự lây lan của bệnh xanh cam quýt là kiểm soát ACP (psyllid cam quýt châu Á). Vì cam quýt là một cây vườn phổ biến và được trồng rộng rãi như vậy, các chủ nhà ở trên tuyến đầu của trận chiến quan trọng này. Hãy dùng cây chanh với thuốc trừ sâu dầu Neem, cả trên cùng và mặt dưới của tán lá. Bạn có thể cần phải lặp lại trong 10-14 ngày, tùy thuộc vào mức độ của sự phá hoại. Theo dõi bằng cách điều trị sự phát triển của nấm mốc bằng thuốc diệt nấm đồng lỏng.",https://www.universityofcalifornia.edu/sites/default/files/CitrusGreening.jpg
17,Peach: điểm vi khuẩn,"Điểm vi khuẩn là một bệnh quan trọng của đào, mật hoa, mơ và mận gây ra bởi Xanthomonas Campestris PV. Pruni. Các triệu chứng của bệnh này bao gồm các đốm trái cây, đốm lá và cành cây. Các triệu chứng trái cây bao gồm rỗ, nứt, gumming và mô nước, có thể làm cho quả dễ bị thối nâu hơn, rhizopus và các bệnh nhiễm nấm khác. Nhiễm trùng đốm lá nghiêm trọng có thể gây ra sự rụng lá sớm. Độ rụng nghiêm trọng có thể dẫn đến giảm kích thước trái cây, và cháy nắng và nứt trái cây. Cây rụng lá sớm bị giảm mạnh trong sức mạnh và độ cứng mùa đông.","Các triệu chứng trái cây của bệnh vi khuẩn có thể bị nhầm lẫn với vảy đào, do nấm cladosporium carpophyllium gây ra, tuy nhiên các đốm scab có hình tròn hơn, có màu nâu sẫm/xanh lá cây, mờ và không làm ngắt bề mặt trái cây, mặc dù có thể xảy ra nứt da. Scab không gây ra các triệu chứng lá nhưng có thể gây ra các đốm trên cành cây. Các điểm trái cây ban đầu của bệnh vi khuẩn có thể là bề ngoài nhưng phát triển thành miệng hố.",https://www.gardeningknowhow.com/wp-content/uploads/2016/07/bacterial-spot-peach.jpg
18,Peach: khỏe mạnh,"Cây đào mọc ở các khu vực USDA 5 đến 8 hoặc 9, và chúng có sẵn trong các kích thước lùn hoặc tiêu chuẩn, khiến chúng trở thành một lựa chọn tuyệt vời cho các vườn cây sân sau. Không giống như hầu hết các vật trang trí, cây đào cần cắt tỉa thường xuyên, bón phân và phun thuốc để giữ sức khỏe và làm việc hiệu quả. Giữ mặt đất xung quanh cây của bạn không có cỏ và cỏ dại sẽ cạnh tranh cho nước và chất dinh dưỡng, và mùn một cách hào phóng.","Đóng gói với chất dinh dưỡng và chất chống oxy hóa. 
Có thể hỗ trợ tiêu hóa. 
Có thể cải thiện sức khỏe tim mạch. 
Có thể bảo vệ làn da của bạn.
Có thể ngăn ngừa một số loại ung thư.
Có thể làm giảm các triệu chứng dị ứng.
Có sẵn rộng rãi và dễ dàng để thêm vào chế độ ăn uống của bạn.",https://www.tasteofhome.com/wp-content/uploads/2019/06/peaches-shutterstock_297863489-1.jpg
19,Chuông tiêu: Điểm vi khuẩn,"Các đốm lá xuất hiện ở bề mặt dưới của lá già như nhỏ, mụn nhọt và trên bề mặt lá trên như các điểm ngâm nước nhỏ là một triệu chứng của điểm vi khuẩn. Đây là một bệnh tiêu quan trọng ở Maryland. Nó cũng thỉnh thoảng tấn công cà chua. Cuối cùng, các điểm phát triển các trung tâm màu xám đến nâu với biên giới tối hơn. Tổn thương phóng to trong thời tiết ấm áp, ẩm ướt. Lá sau đó có thể chuyển sang màu vàng, sau đó màu nâu và thả. Tổn thương cũng có thể phát triển trên thân cây. Trái cây phát triển các điểm thô nhỏ, được nâng lên không ảnh hưởng đến chất lượng ăn uống. Lá bị nhiễm bệnh nặng sẽ giảm dẫn đến kem chống nắng của ớt. Điểm lá của vi khuẩn được lan truyền bằng cách bắn tung mưa và làm việc với cây ướt, bị nhiễm bệnh. Bệnh này có thể làm rụng lá thực vật trong thời tiết ẩm ướt. Thời tiết nóng, khô làm chậm sự lây lan của bệnh này. Bệnh có thể xuất hiện trên hạt hoặc cấy ghép và có thể vượt qua dư lượng cây trồng và đất.","Chọn các giống kháng
Mua hạt giống không có bệnh và cấy ghép.
Xử lý hạt bằng cách ngâm chúng trong 2 phút trong dung dịch tẩy clo 10% (1 phần thuốc tẩy; 9 phần nước). Rửa sạch hạt và làm khô chúng trước khi trồng.
Cây mùn sâu với một vật liệu hữu cơ dày như báo được phủ bằng rơm hoặc cắt cỏ.
Tránh tưới nước trên cao.
Hủy bỏ và loại bỏ các bộ phận thực vật bị nhiễm bệnh và tất cả các mảnh vụn vào cuối mùa.
Xịt cứ sau 10-14 ngày với đồng cố định (thuốc diệt nấm hữu cơ) để làm chậm sự lây lan của nhiễm trùng.
Xoay ớt đến một vị trí khác nếu nhiễm trùng nghiêm trọng và phủ đất bằng lớp phủ nhựa màu đen hoặc vải cảnh đen trước khi trồng.",https://extension.umd.edu/sites/default/files/_images/programs/grow_it_eat_it/diseases/BacterialLeafSpot/bacterial_leaf_spot_pepper_plant_l.jpg
20,Chuông tiêu: khỏe mạnh,"Giữ ớt chuông được tưới nước tốt, nhưng không bao giờ rời khỏi đất sũng nước. Nước để làm ẩm đất sâu khoảng 6 inch, sau đó để khô một chút. Tưới nước đặc biệt quan trọng trong quá trình đặt trái cây, khi ớt nhỏ thay thế hoa, và khi chuông trưởng thành. Độ ẩm phù hợp giúp giữ cho ớt cứng và khỏe mạnh.","Chú ớt chuông đỏ, cam và vàng có rất nhiều lợi ích sức khỏe tuyệt vời - chúng chứa nhiều vitamin và ít calo! Chúng là một nguồn tuyệt vời của vitamin A, vitamin C và kali. Chim ớt cũng chứa một liều chất xơ, folate và sắt lành mạnh.",https://www.healthbenefitstimes.com/9/gallery/bell-peppers/Bell-pepper-leaves.jpg
21,Khoai tây: Blight sớm,"Trong hầu hết các khu vực sản xuất, sự tàn phá sớm xảy ra hàng năm ở một mức độ nào đó. Mức độ nghiêm trọng của bệnh dịch sớm phụ thuộc vào tần suất ẩm ướt từ mưa, sương hoặc tưới; tình trạng dinh dưỡng của tán lá; và tính nhạy cảm của giống cây trồng. Các triệu chứng đầu tiên của bệnh dịch sớm xuất hiện dưới dạng nhỏ, hình tròn hoặc không đều, màu nâu sẫm đến các đốm đen trên lá (dưới) cũ. Những điểm này mở rộng đường kính lên tới 3/8 inch và dần dần có thể trở thành hình góc. Các tổn thương trên lá non, lá được mở rộng hoàn toàn có thể bị nhầm lẫn với các tổn thương đốm nâu. Những tổn thương đầu tiên này xuất hiện khoảng hai đến ba ngày sau khi bị nhiễm trùng, với sự bào tử hơn nữa trên bề mặt của các tổn thương này xảy ra ba đến năm ngày sau đó.",Điều trị bệnh hoạn sớm bao gồm phòng ngừa bằng cách trồng các giống khoai tây có khả năng kháng bệnh; Trưởng thành muộn có khả năng kháng nhiều hơn so với các giống trưởng thành sớm. Tránh tưới trên cao và cho phép sục khí đủ giữa các cây để cho phép tán lá khô càng nhanh càng tốt.,https://www.ag.ndsu.edu/publications/crops/early-blight-in-potato/figure-1-opt.jpeg/@@images/468990cc-77a9-4e29-8779-0eb3e94e0407.jpeg
22,Khoai tây: Blight muộn,"Vật chủ chính là khoai tây, nhưng P. infestans cũng có thể lây nhiễm các cây solanaceous khác, bao gồm cà chua, petunias và nightshade lông, có thể đóng vai trò là nguồn gốc của khoai tây. Các triệu chứng đầu tiên của bệnh mờ ở cánh đồng là nhỏ, sáng màu xanh đậm, tròn đến các điểm nước không đều. Những tổn thương này thường xuất hiện đầu tiên trên lá dưới. Các tổn thương thường bắt đầu phát triển gần các đầu hoặc cạnh của lá, nơi Dew được giữ lại lâu nhất. Thời tiết ẩm ướt, mát mẻ, những tổn thương này mở rộng nhanh chóng thành các tổn thương lớn, nâu sẫm hoặc đen, thường xuất hiện nhờn. Tổn thương lá cũng thường được bao quanh bởi một quầng clo màu vàng","BLIGH muộn nghiêm trọng có thể được quản lý hiệu quả bằng bình xịt dự phòng của mancozeb ở mức 0,25% sau đó là cymoxanil+mancozeb hoặc dimethomorph+mancozeb ở mức 0,3% khi bắt đầu bệnh và thêm một bình xịt",https://www.ag.ndsu.edu/publications/crops/late-blight-in-potato/figure-2-opt.jpeg/@@images/dfe1e0b4-08d4-404a-8e66-474de72b1e91.jpeg
23,Khoai tây: khỏe mạnh,"Nhiều khoai tây cần độ ẩm phù hợp để phát triển, vì vậy nước thường xuyên hàng ngày khi củ thiết lập. Khi bạn, nước, các cây khoai tây, nó sẽ đạt đến tầng trệt khoảng 8-10 inch. Trong mùa nóng hoặc ấm tưới, cây khoai tây với số lượng lớn hai lần một ngày khi đất khô nhanh.","Đóng gói với chất dinh dưỡng. Chia sẻ trên Pinterest.
Chứa chất chống oxy hóa. Khoai tây rất giàu các hợp chất như flavonoid, carotenoid và axit phenolic (4).
Có thể cải thiện kiểm soát lượng đường trong máu.
Có thể cải thiện sức khỏe tiêu hóa.
Tự nhiên không có gluten.
Vô cùng lấp đầy.
Vô cùng linh hoạt.",https://www.garden.eco/wp-content/uploads/2018/06/can-you-eat-potato-leaves.jpg
24,Raspberry: khỏe mạnh,"Nước một inch mỗi tuần từ mùa xuân cho đến sau khi thu hoạch. Tưới nước thường xuyên tốt hơn so với ngâm sâu không thường xuyên. Giữ cho Bushes Raspberry của bạn gọn gàng bằng cách đào bất kỳ �Suckers� hoặc gậy phát triển cách xa các hàng; Nếu bạn không đào chúng, chúng sẽ rút các chất dinh dưỡng đi và bạn sẽ có ít quả mọng hơn vào năm tới.","Họ cung cấp kali, cần thiết cho chức năng tim và được chứng minh là giảm huyết áp. Các axit béo omega-3 trong quả mâm xôi có thể giúp ngăn ngừa đột quỵ và bệnh tim. Chúng cũng chứa một khoáng chất gọi là mangan, cần thiết cho xương và da khỏe mạnh và giúp điều chỉnh lượng đường trong máu.",https://www.gardeningknowhow.com/wp-content/uploads/2009/04/raspberry.jpg
25,Đậu tương: khỏe mạnh,Tiếp tục trồng giường ẩm đều cho đến khi đậu nành đẩy qua đất. Nước thường xuyên trong quá trình ra hoa và hình thành vỏ. Tránh tưới nước trên cao có thể khiến hoa và vỏ rơi ra. Mulch khi đất ấm lên hơn 60�F (16�C) để bảo tồn độ ẩm của đất.,"Chất xơ cao
nhiều protein
ít chất béo bão hòa
Cholesterol miễn phí
miễn phí đường sữa
một nguồn axit béo omega-3 tốt
nguồn chất chống oxy hóa
cao trong phytoestrogen.",https://upload.wikimedia.org/wikipedia/commons/a/ac/Soybean_leaves.jpg
26,Squash: Powdery Ordew,"Các đốm phấn trắng có thể hình thành trên cả bề mặt lá trên và dưới, và nhanh chóng mở rộng thành các đốm lớn.
Bột nấm mốc làm suy yếu cây và trái cây chín sớm. Trái cây ít hơn và nhỏ hơn trên thực vật bị nhiễm bệnh.
Trong điều kiện ấm áp, khô ráo, các bào tử mới hình thành và dễ dàng lây lan bệnh.
Các triệu chứng của bệnh phấn trắng lần đầu tiên xuất hiện vào giữa đến cuối mùa hè ở Minnesota.
Cung cấp chuyển động không khí tốt xung quanh thực vật thông qua khoảng cách thích hợp, đặt cược thực vật và kiểm soát cỏ dại.
Nếu các giống mẫn cảm đang phát triển ở một khu vực mà bệnh phấn trắng đã dẫn đến mất năng suất trong quá khứ, có thể cần phải dùng thuốc diệt nấm.","Kết hợp một muỗng cà phê baking soda và một nửa muỗng cà phê chất lỏng, xà phòng không thay đổi với một gallon nước và phun hỗn hợp tự do lên cây. Nước súc miệng. Rà nếu bạn có thể sử dụng hàng ngày để tiêu diệt vi trùng trong miệng của bạn cũng có thể có hiệu quả trong việc tiêu diệt các bào tử nấm mốc.",https://extension.umn.edu/sites/extension.umn.edu/files/styles/caption_medium/public/powdery-mildew-2.jpg?itok=Un68av52
27,Dâu tây: Lá ghi âm,"Các triệu chứng của Lá Scardch rất giống với giai đoạn đầu của điểm lá (Mycosphaerella) phổ biến, với các đốm tím tối không đều nằm rải rác trên bề mặt lá trên. Khi các điểm phóng to, chúng bắt đầu trông giống như những giọt tar, và thực sự là sự tích lũy của các cơ thể quả đen (acervuli) của nấm. Các trung tâm của các điểm vẫn là màu tím (ở điểm lá Mycosphaerella chúng có màu trắng) và không có đường viền tổn thương được xác định rõ. Trong các bệnh nhiễm trùng nặng, các vùng này kết hợp lại và mô giữa các tổn thương thường có màu đỏ tía sang màu đỏ sáng phụ thuộc vào giống cây trồng, nhiệt độ hoặc các yếu tố khác. Những chiếc lá cuối cùng chuyển sang màu nâu, khô và cong ở lề tạo cho chiếc lá một vẻ ngoài thiêu đốt. Việc kiểm tra hình thái acervuli và conidial có thể giúp phân biệt giữa đốm lá và vết cháy lá ở giai đoạn tiến triển của bệnh này. Trên các bề mặt lá trên của tổn thương cháy lá, acervuli tối với khối bào tử lấp lánh và apothecia tối. Các tổn thương cuống lá là thon dài, chìm, với một màu nâu đến nâu và có thể giết chết chiếc lá bằng cách làm bánh cuống lá. Người chạy, thân cây, trái cây và mũ cũng có thể bị nhiễm bệnh. Thực vật có thể trở nên suy yếu và số lượng và sức sống của vương miện giảm. Nhiễm trùng có xu hướng thực vật đến mùa đông và căng thẳng hạn hán. Trong sự phá hoại nghiêm trọng, hoa và trái cây có thể chết.","Mặc dù lá cây trên cây dâu tây có thể gây khó chịu, nhưng có một số chiến lược mà những người làm vườn tại nhà có thể sử dụng để giúp ngăn chặn sự lây lan của nó trong vườn. Các phương tiện chính của kiểm soát scorch lá dâu tây phải luôn luôn là phòng ngừa. Vì mầm bệnh nấm này vượt qua những chiếc lá rơi của cây bị nhiễm bệnh, vệ sinh vườn thích hợp là chìa khóa. Điều này bao gồm việc loại bỏ các mảnh vụn trong vườn bị nhiễm bệnh khỏi miếng dâu tây, cũng như việc thành lập thường xuyên của cấy ghép dâu tây mới. Việc tạo ra các đồn điền mới và các mảng dâu tây là chìa khóa để duy trì một vụ thu hoạch dâu tây nhất quán, vì thực vật cũ có nhiều khả năng có dấu hiệu nhiễm trùng nặng.",https://content.ces.ncsu.edu/media/images/17531_IMG_2126.JPG
28,Dâu: khỏe mạnh,"Tìm cho họ một điểm nắng vì họ yêu và cần rất nhiều ánh sáng. Tôi thích một nơi họ nhận được ánh nắng mặt trời buổi sáng.
Nếu bạn có chúng trong chậu và/hoặc các thùng chứa khác, thật tốt khi di chuyển chúng trong ngày để tận dụng ánh sáng mặt trời.
Chúng là những cây khát. Tưới nước cho họ hàng ngày, đặc biệt là nếu chúng đang sản xuất trái cây. Tốt nhất là làm điều đó vào buổi sáng và tránh làm ướt lá để phòng ngừa bệnh.
Giữ chúng được bảo vệ khỏi điều kiện thời tiết khắc nghiệt và gió. Xin lưu ý rằng ngay cả khi họ thích ánh sáng mặt trời, việc tiếp xúc với ánh sáng mặt trời giữa trưa trực tiếp cũng có thể gây hại.
Kiểm tra các chậu cho thoát nước tốt.
Giữ cỏ dại và thực vật không mong muốn trong kiểm tra.
Bạn cần phải thụ tinh cho họ vì chúng cần nhiều năng lượng để sản xuất dâu tây. Mua một phân bón cân bằng (10-10-10, 12-12-12, v.v.). Thực hiện theo các hướng dẫn vì phân bón quá nhiều có thể làm giảm năng suất trái cây và nó cũng có thể kích thích sản xuất người chạy.","Hình bóng hình trái tim của dâu là manh mối đầu tiên mà trái cây này tốt cho bạn. Những gói nhỏ mạnh mẽ này bảo vệ trái tim của bạn, tăng cholesterol HDL (tốt), giảm huyết áp và bảo vệ chống ung thư.

Được đóng gói với vitamin, chất xơ và lượng chất chống oxy hóa đặc biệt cao được gọi là polyphenol, dâu tây là một loại thực phẩm không có natri, không béo, không chứa cholesterol, ít calo. Chúng nằm trong số 20 loại trái cây hàng đầu về khả năng chống oxy hóa và là một nguồn mangan và kali tốt. Chỉ cần một khẩu phần - khoảng tám quả dâu tây - cung cấp nhiều vitamin C hơn màu cam.",https://www.canr.msu.edu/uploads/images/7-12-11-MARK-plhstrw4.jpg
29,Cà chua: Điểm vi khuẩn,"Điểm vi khuẩn của cà chua là một căn bệnh có khả năng tàn phá, trong trường hợp nghiêm trọng, có thể dẫn đến trái cây không thể đánh giá được và thậm chí là chết thực vật.  Điểm vi khuẩn có thể xảy ra bất cứ nơi nào cà chua được trồng, nhưng được tìm thấy thường xuyên nhất ở vùng khí hậu ấm áp, ẩm ướt, cũng như trong nhà kính.  Bệnh thường là một vấn đề ở Wisconsin.Bacterial điểm có thể ảnh hưởng đến tất cả các phần trên mặt đất của cây cà chua, bao gồm lá, thân và trái cây.  Điểm vi khuẩn xuất hiện trên các lá nhỏ (nhỏ hơn? Inch), đôi khi các khu vực tròn ướt đẫm nước (tức là trông ướt).  Các đốm ban đầu có thể là màu xanh lá cây màu vàng, nhưng tối thành màu đỏ nâu khi chúng già đi.  Khi bệnh nặng, màu vàng lá rộng và mất lá cũng có thể xảy ra.  Trên trái cây màu xanh lá cây, các đốm thường nhỏ, nuôi và giống như mụn nước, và có thể có một quầng sáng màu vàng.  Khi trái cây trưởng thành, các điểm phóng to (đạt kích thước tối đa � inch) và chuyển sang màu nâu, vảy và thô.  Các điểm trưởng thành có thể được nâng lên, hoặc chìm với các cạnh nâng lên.","Hạt hoặc cấy ghép không có mầm bệnh để ngăn chặn sự ra đời của mầm bệnh điểm vi khuẩn trên hạt hoặc cây con bị ô nhiễm.  Nếu một nguồn hạt sạch không có sẵn hoặc bạn nghi ngờ rằng hạt của bạn bị ô nhiễm, hãy ngâm hạt trong nước ở mức 122�F trong 25 phút. để giết các mầm bệnh.  Để giữ cho lá khô và để ngăn chặn sự lây lan của các mầm bệnh, tránh tưới nước trên cao (ví dụ: với một cây đũa phép hoặc vòi phun) của các cây đã được thiết lập và thay vào đó sử dụng một bình nhỏ giọt hoặc-nắm.  Ngoài ra để ngăn chặn sự lây lan, không xử lý thực vật khi chúng bị ướt (ví dụ: từ sương) và thường xuyên khử trùng các công cụ với dung dịch tẩy trắng 10% hoặc (tốt hơn) 70% rượu (ví dụ, xoa rượu).  Trường hợp điểm vi khuẩn là một vấn đề định kỳ, hãy xem xét sử dụng các ứng dụng phòng ngừa của các sản phẩm dựa trên đồng được đăng ký sử dụng trên cà chua, đặc biệt là trong thời kỳ ấm áp, ẩm ướt.  Tuy nhiên, hãy nhớ rằng nếu được sử dụng quá mức hoặc trong thời gian dài, đồng có thể không còn kiểm soát bệnh nữa.  Hãy chắc chắn đọc và làm theo tất cả các hướng dẫn nhãn của sản phẩm mà bạn chọn để đảm bảo rằng bạn sử dụng nó theo cách an toàn và hiệu quả nhất có thể.",https://www.growingproduce.com/wp-content/uploads/2019/08/bacterial_spot_tomato.jpg
30,Cà chua: Blight sớm,"Blight sớm là một trong những bệnh cà chua phổ biến nhất, xảy ra gần như mỗi mùa ở bất cứ nơi nào cà chua được trồng.
Nó ảnh hưởng đến lá, trái cây và thân cây và có thể hạn chế sản lượng nghiêm trọng khi sử dụng các giống mẫn cảm và thời tiết là thuận lợi.
Độ rụng nghiêm trọng có thể xảy ra và dẫn đến kem chống nắng trên trái cây.
Blight sớm là phổ biến trong cả sản xuất cà chua trong lĩnh vực và đường hầm cao ở Minnesota.","Cắt tỉa hoặc đặt cược cây để cải thiện lưu thông không khí và giảm các vấn đề về nấm.
Hãy chắc chắn khử trùng kéo cắt tỉa của bạn (một phần tẩy trắng đến 4 phần nước) sau mỗi lần cắt.
Giữ đất dưới thực vật sạch sẽ và không có mảnh vụn trong vườn. Thêm một lớp phân hữu cơ để ngăn chặn các bào tử tăng vọt lên trên thảm thực vật.
Thủy lợi nhỏ giọt và ống Soaker có thể được sử dụng để giúp giữ cho tán lá khô ráo.
Để kiểm soát tốt nhất, hãy áp dụng các loại thuốc diệt nấm dựa trên đồng sớm, hai tuần trước khi bệnh thường xuất hiện hoặc khi dự báo thời tiết dự đoán một thời gian dài của thời tiết ẩm ướt. Ngoài ra, bắt đầu điều trị khi bệnh xuất hiện lần đầu tiên và lặp lại cứ sau 7-10 ngày miễn là cần thiết.
Chứa đồng và pyrethrins, Bonide� Garden Dust là một biện pháp kiểm soát một bước an toàn cho nhiều cuộc tấn công côn trùng và các vấn đề về nấm. Để có kết quả tốt nhất, hãy che cả hai ngọn và mặt dưới của lá với một màng hoặc bụi đồng nhất mỏng. Tùy thuộc vào mật độ tán lá, 10 oz sẽ bao gồm các ứng dụng lặp lại 625 m2.",https://extension.umn.edu/sites/extension.umn.edu/files/styles/large/public/early-blight-leaf-tomato.jpg?itok=woYQQlrF
31,Cà chua: Blight muộn,"BLIGHT muộn là do Oomycete Phytophthora Infestans. Oomycetes là những sinh vật giống như nấm cũng được gọi là khuôn nước, nhưng chúng không phải là nấm thực sự.
Có nhiều chủng P. infestans khác nhau. Chúng được gọi là dòng dõi vô tính và được chỉ định bởi một mã số (nghĩa là US-23). Nhiều dòng dõi vô tính ảnh hưởng đến cả cà chua và khoai tây, nhưng một số dòng dõi đặc trưng cho một vật chủ hoặc một cái khác. Bệnh tật là một bệnh có khả năng tàn phá cà chua và khoai tây, lây nhiễm lá, thân và trái cây của cây cà chua.
Bệnh lan nhanh trên các cánh đồng và có thể dẫn đến thất bại toàn bộ nếu không được điều trị.
BLIGHT muộn của khoai tây chịu trách nhiệm cho nạn đói khoai tây Ailen vào cuối những năm 1840.","Vệ sinh là bước đầu tiên trong việc kiểm soát cà chua muộn. Làm sạch tất cả các mảnh vụn và trái cây rơi từ khu vực vườn. Điều này đặc biệt cần thiết ở các khu vực ấm hơn, nơi đóng băng kéo dài là không thể và bệnh cà chua blight muộn có thể đan xen trong quả sa ngã. Hiện tại, không có chủng cà chua có sẵn để chống lại bệnh mưa cà chua muộn, vì vậy thực vật nên được kiểm tra ít nhất hai lần một tuần. Vì các triệu chứng bệnh hoạn muộn có nhiều khả năng xảy ra trong điều kiện ẩm ướt, nên được chăm sóc nhiều hơn trong những thời điểm đó. Đối với người làm vườn tại nhà, thuốc diệt nấm có chứa Maneb, Mancozeb, chlorothanolil hoặc đồng cố định có thể giúp bảo vệ cây khỏi bệnh hoạn muộn. Các ứng dụng lặp đi lặp lại là cần thiết trong suốt mùa sinh trưởng vì căn bệnh này có thể tấn công bất cứ lúc nào. Đối với những người làm vườn hữu cơ, có một số sản phẩm đồng cố định được phê duyệt để sử dụng; Mặt khác, tất cả các nhà máy bị nhiễm bệnh phải được loại bỏ và phá hủy ngay lập tức.","https://www.canr.msu.edu/contentAsset/image/e97d1ef0-5b55-49b0-ab4e-c57dcbeca65e/fileAsset/filter/Resize,Jpeg/resize_w/750/jpeg_q/80"
32,Cà chua: khuôn lá,"Khuôn lá cà chua là một bệnh nấm có thể phát triển khi có thời gian ẩm ướt của lá và độ ẩm tương đối cao (lớn hơn 85 %). Do nhu cầu độ ẩm này, căn bệnh này được nhìn thấy chủ yếu ở các nhà nghiên cứu và nhà kính. Khuôn lá cà chua có thể phát triển trong nhiệt độ đầu mùa xuân (50,9 độ Fahrenheit) hoặc những đặc điểm của mùa hè (90 F). Các khuôn lá cà chua nhiệt độ tối ưu là ở những năm 70 thấp.

Các triệu chứng của bệnh bao gồm các đốm vàng trên bề mặt lá trên. Có thể nhìn thấy khối lượng của các bào tử màu xanh ô liu rời rạc ở mặt dưới của lá bị ảnh hưởng.","Khi xử lý cây cà chua bằng thuốc diệt nấm, hãy chắc chắn bao phủ tất cả các khu vực của cây nằm trên đất, đặc biệt là mặt dưới của lá, nơi bệnh thường hình thành. Thuốc xịt dựa trên canxi clorua được khuyến nghị để điều trị các vấn đề nấm mốc. Tùy chọn thuốc diệt nấm hữu cơ cũng có sẵn.",https://www.gardeningknowhow.com/wp-content/uploads/2018/04/tomato-leaf-mold-400x300.jpg
33,Cà chua: Điểm lá Septoria,"Điểm lá Septoria được gây ra bởi một loại nấm, Septoria Lycopersici. Đây là một trong những bệnh phá hoại nhất của tán lá cà chua và đặc biệt nghiêm trọng ở những khu vực mà thời tiết ẩm ướt, ẩm ướt vẫn tồn tại trong thời gian dài. Điểm lá thường xuất hiện ở những chiếc lá dưới sau các bộ trái cây đầu tiên. Các điểm có hình tròn, đường kính khoảng 1/16 đến 1/4 inch với lề màu nâu sẫm và các trung tâm màu nâu đến xám với các cấu trúc quả nhỏ màu đen. Đặc trưng, ​​có nhiều điểm trên mỗi lá. Bệnh này lây lan lên từ tăng trưởng lâu đời nhất đến trẻ nhất. Nếu tổn thương lá rất nhiều, lá chuyển sang hơi vàng, sau đó là màu nâu, rồi khô héo. Nhiễm trùng trái cây là hiếm.","Loại bỏ lá bị bệnh. 
Cải thiện lưu thông không khí xung quanh cây.
Mulch xung quanh gốc cây. Mulching sẽ làm giảm đất bắn tung tóe, có thể chứa các bào tử nấm liên quan đến các mảnh vụn. Áp dụng mùn sau khi đất đã ấm lên.
Không sử dụng tưới nước trên cao. Tưới nước trên cao tạo điều kiện cho nhiễm trùng và lây lan bệnh. Sử dụng một vòi soaker ở gốc cây để giữ cho tán lá khô ráo. Tưới nước sớm trong ngày.
Kiểm soát cỏ dại. Nightshade và Horsenettle thường xuyên là vật chủ của Spot Lá Septoria và nên bị xóa sổ xung quanh khu vườn.
Sử dụng luân canh cây trồng. Năm tới không trồng cà chua trở lại ở cùng một vị trí mà cà chua bị bệnh phát triển. Đợi 1 năm trước khi trồng cà chua ở những khu vực này.
Sử dụng thuốc xịt nấm.",https://www.missouribotanicalgarden.org/portals/0/Gardening/Gardening%20Help/images/Pests/Septoria_Leaf_Spot_of_Tomato187.jpg
34,Cà chua: Nhện ve | Nhện hai đốm,"Con ve nhện hai đốm là loài ve phổ biến nhất tấn công cây trồng rau và trái cây ở New England. Mạt nhện có thể xảy ra trong cà chua, cà tím, khoai tây, cây nho như dưa, dưa chuột và các loại cây trồng khác. Con nhện hai đốm là một trong những loài gây hại quan trọng nhất của cà tím. Chúng có tối đa 20 thế hệ mỗi năm và được ưa chuộng bởi các điều kiện nitơ và khô và bụi quá mức. Sự bùng phát thường được gây ra bởi việc sử dụng thuốc trừ sâu phổ rộng, gây trở ngại cho nhiều kẻ thù tự nhiên giúp quản lý quần thể mite. Như với hầu hết các loài gây hại, việc bắt gặp vấn đề sớm sẽ có nghĩa là kiểm soát dễ dàng hơn.","Tránh những cánh đồng cỏ dại và không trồng cà tím liền kề với cây trồng thức ăn thô xanh.
Tránh đầu mùa, các ứng dụng thuốc trừ sâu phổ rộng cho các loài gây hại khác.
Không quá thụ tinh.
Thủy lợi trên cao hoặc thời gian mưa kéo dài có thể giúp giảm dân số.",https://entomology.ca.uky.edu/files/styles/panopoly_image_original/public/310a.jpg?itok=XNlP0H9H
35,Cà chua: Target Spot,"Bệnh bắt đầu trên những chiếc lá cũ hơn và lây lan lên trên. Các dấu hiệu đầu tiên là các điểm có hình không đều (dưới 1 mm) với biên độ màu vàng. Một số điểm mở rộng tới 10 mm và hiển thị các vòng đặc điểm, do đó tên của ""điểm mục tiêu"". Trải sang tất cả các tờ rơi và đến các lá khác là nhanh chóng, khiến lá chuyển sang màu vàng, sụp đổ và chết. Điểm cũng xảy ra trên thân cây. Chúng dài và mỏng. Các đốm nâu nhạt với lề tối cũng có thể xảy ra trên trái cây.
Các bào tử được lan truyền bởi mưa gió thổi, và nếu thời tiết ẩm ướt có gió tiếp tục trong vài ngày, sự lan rộng rất nhanh và thực vật bị mất lá nhanh chóng.","Kiểm soát văn hóa là quan trọng. Điều sau đây nên được thực hiện:
Không trồng cây trồng mới bên cạnh những cây cũ có bệnh.
Trồng càng xa càng tốt từ đu đủ, đặc biệt là nếu lá có điểm góc nhỏ (ảnh 5).
Kiểm tra tất cả các cây con trong vườn ươm, và vứt bỏ bất kỳ điểm nào với các đốm lá.
Loại bỏ một vài nhánh khỏi phần dưới của cây để cho phép luồng không khí tốt hơn ở gốc
Hủy bỏ và đốt các lá dưới ngay khi bệnh được nhìn thấy, đặc biệt là sau khi các vì kèo trái cây thấp hơn đã được chọn.
Giữ các lô không có cỏ dại, vì một số có thể là vật chủ của nấm.
Không sử dụng tưới tiêu trên cao; Nếu không, nó sẽ tạo ra các điều kiện cho sản xuất bào tử và nhiễm trùng.
Thu thập và đốt càng nhiều cây trồng càng tốt khi thu hoạch hoàn thành.
Thực hành luân canh cây trồng, để lại 3 năm trước khi trồng cà chua trên cùng một vùng đất.",https://barmac.com.au/wp-content/uploads/sites/3/2016/01/Target-Spot-Tomato1.jpg
36,Cà chua: Virus uốn lá vàng,"Virus Curl lá cà chua là một loài trong chi Begomovirus và gia đình Geminiviridae. Nhiễm virus lá màu vàng cà chua (TYLCV) gây ra các triệu chứng nghiêm trọng trên cây cà chua và gây tổn thất năng suất nghiêm trọng trên toàn thế giới. TYLCV được truyền liên tục bởi con ruồi trắng ngọt, Bemisia Tabaci (Gennadius). Các giống cây trồng và giống lai với một hoặc một vài gen có khả năng kháng TylCV thường được trồng để giảm thiểu tổn thất do TYLCV gây ra. Những kiểu gen kháng này (giống hoặc giống lai) không miễn dịch với TYLCV. Chúng thường phát triển nhiễm trùng hệ thống, hiển thị các triệu chứng nhẹ và tạo ra cà chua có thể tiếp thị nhiều hơn so với các kiểu gen dễ bị ảnh hưởng dưới áp lực TYLCV. Trong một số hệ thống bệnh lý, sử dụng rộng rãi các giống cây chống chống lại gen-điện kháng duy nhất.",Chỉ sử dụng cấy ghép cà chua và hạt tiêu không có chu vi. Cấy ghép nên được điều trị bằng cách bắt giữ (bifenthrin) hoặc nọc độc (dinotefuran) cho người trưởng thành ruồi trắng và oberon cho trứng và nữ thần. Imidacloprid hoặc thiamethoxam nên được sử dụng trong các nhà cấy ghép ít nhất bảy ngày trước khi vận chuyển. Imidacloprid nên được phun trên toàn bộ cây và bên dưới lá; Trứng và ruồi thường được tìm thấy bên dưới lá. Xịt cứ sau 14-21 ngày và xoay trên cơ sở hàng tháng với abamectin để những con bướm trắng không tích tụ kháng với hóa chất.,https://gd.eppo.int/media/data/taxon/T/TYLCV0/pics/1024x0/10609.jpg
37,Cà chua: Virus khảm,"Virus khảm cà chua (TomV) và virus khảm thuốc lá (TMV) khó phân biệt.
Virus khảm cà chua (TOMV) có thể gây vàng và còi cọc của cây cà chua dẫn đến mất giá đỡ và giảm năng suất.
TomV có thể gây ra sự chín không đồng đều của trái cây, giảm năng suất.
Virus khảm thuốc lá (TMV) từng được cho là phổ biến hơn trên cà chua. 
TMV thường là một mầm bệnh thuốc lá nhiều hơn một mầm bệnh cà chua. Màu sáng và màu xanh đậm trên lá.
Lá cà chua non có lốm đốm sáng và màu xanh đậm, phát triển còi cọc, lá cuộn tròn và dị dạng.
Các triệu chứng virus khảm của thuốc lá trên cây con cà chua
Nếu thực vật bị nhiễm sớm, chúng có thể xuất hiện màu vàng và tổng thể còi cọc.
Lá có thể được cuộn tròn, dị dạng hoặc giảm kích thước.","Sử dụng hạt giống không bị bệnh được chứng nhận hoặc xử lý hạt giống của riêng bạn.
Ngâm hạt trong dung dịch 10% của trisodium phosphate (NA3PO4) trong ít nhất 15 phút.
Hoặc làm nóng hạt khô đến 158 F và giữ chúng ở nhiệt độ đó trong hai đến bốn ngày.
Mua cấy ghép chỉ từ các nguồn có uy tín. Hỏi về các quy trình vệ sinh họ sử dụng để ngăn ngừa bệnh tật.
Kiểm tra cấy ghép trước khi mua. Chỉ chọn cấy ghép cho thấy không có triệu chứng rõ ràng.
Tránh trồng trong các cánh đồng nơi có các mảnh vụn rễ cà chua, vì virus có thể tồn tại lâu dài trong rễ.
Rửa tay bằng xà phòng và nước trước và trong quá trình xử lý thực vật để giảm khả năng lây lan giữa các nhà máy.",http://ucanr.edu/blogs/dirt/blogfiles/71403_original.jpg
38,Cà chua: khỏe mạnh,"Bón phân một tuần trước cũng như vào ngày trồng. Họ đặc biệt yêu thích phốt pho, thúc đẩy sự hình thành hoa và trái cây hoặc rau quả phát triển từ chúng. Tránh nitơ cao khi cây cà chua của bạn có hoa vì nó thúc đẩy sự phát triển của cây nho thay vì phát triển trái cây. Không phải là cây cà chua.","Cà chua (Solanum lycopersicum) là một loại trái cây từ gia đình Nightshade có nguồn gốc từ Nam Mỹ.

Mặc dù thực vật là một loại trái cây, nó thường ăn và chuẩn bị như một loại rau.

Cà chua là nguồn chế độ ăn uống chính của lycopene chống oxy hóa, có liên quan đến nhiều lợi ích sức khỏe, bao gồm giảm nguy cơ mắc bệnh tim và ung thư.

Chúng cũng là một nguồn tuyệt vời của vitamin C, kali, folate và vitamin K.",https://cdn8.dissolve.com/p/D869_27_632/D869_27_632_1200.jpg
